Dimension,Confidence_Score
Climate & Atmosphere,8.439770554493307
Land Use & Soil,7.620458891013383
Biodiversity & Ecosystems,6.666666666666667
Freshwater,6.564690885914595
Pollution & Waste,5.372848948374761
