Sector,Expected_Range,Expected_Typical,Actual_Mean,Actual_Median,Companies,Deviation_%,Status
Cement,0.005000 - 0.015000,0.010000,0.000691,0.000000,8,-93.1%,FAIL
Steel & Iron,0.008000 - 0.025000,0.015000,0.012701,0.000000,7,-15.3%,PASS
Oil & Gas,0.010000 - 0.030000,0.020000,0.003184,0.000000,9,-84.1%,FAIL
Power Generation,0.010000 - 0.030000,0.020000,0.006741,0.000000,20,-66.3%,FAIL
Chemicals & Fertilizers,0.006000 - 0.018000,0.012000,0.008281,0.000000,357,-31.0%,PASS
Pharmaceuticals,0.002000 - 0.008000,0.005000,0.002349,0.000000,13,-53.0%,PASS
Financial Services,0.000100 - 0.000500,0.000300,0.000040,0.000000,31,-86.5%,FAIL
Information Technology,0.000500 - 0.001500,0.001000,0.001089,0.000000,25,+8.9%,PASS
