Sector,V7_Direct_EIF
Financial Services,0.0011797441546504282
Information Technology,0.0009696637386769148
Cement,0.07778320374291099
Steel & Iron,0.08409340656501149
Oil & Gas,0.09711856105394061
Power Generation,0.1562256571307733
Chemicals & Fertilizers,0.03746416690271325
Pharmaceuticals,0.014477001659919449
