Sector,V7_Scope3_Factor
Financial Services,0.000297
Information Technology,0.000396
Cement,0.0033000000000000004
Steel & Iron,0.009624999999999998
Oil & Gas,0.015427499999999999
Power Generation,0.005444999999999999
Chemicals & Fertilizers,0.0052250000000000005
Pharmaceuticals,0.003465
